コード,銘柄名,市場,理由数,該当理由,適時開示タイトル
2183,リニカル,,1,適時開示,大口受注に関するお知らせ
2687,ＣＶＳベイ,,1,適時開示,業績予想の修正に関するお知らせ
2917,大森屋,,1,適時開示,自己株式立会外買付取引(ToSTNeT-３)による自己株式の取得結果及び取得終了に関するお知らせ / 自己株式の取得及び自己株式立会外買付取引(ToSTNeT-３)による自己株式の買付けに関するお知らせ
324A,Ｇ－ブッキングＲ,,1,適時開示,株式会社おがさわらの株式取得（子会社化）に関するお知らせ
3627,テクミラ,,1,適時開示,2027年２月期第２四半期（中間期）の連結業績予想の修正に関するお知らせ
3907,シリコンスタジオ,,1,適時開示,2026年11月期 通期業績予想の修正に関するお知らせ
4543,テルモ,,1,適時開示,主要取引先との供給契約の解除に伴う損失等の計上、および2027年3月期通期連結業績予想の修正に関するお知らせ
4918,アイビー,,1,適時開示,業績予想の修正に関するお知らせ
7814,日本創発Ｇ,,1,適時開示,簡易株式交換によるジャパンブロードキャストソリューションズ株式会社の完全子会社化に関するお知らせ
9861,吉野家ＨＤ,,1,適時開示,2027年２月期 第２四半期（中間期)の連結業績予想と実績との差異および通期連結業績予想の修正に関するお知らせ / 剰余金の配当（中間配当の増配）および配当予想の修正に関するお知らせ
9983,ファーストリテ,,1,適時開示,2026年８月期の配当予想の修正に関するお知らせ
